rank,file,t_sec,score,U,A,D,n_boxes,n_ambiguous,empty,selected
1,frame_0082.jpg,32.8,0.8697,0.8674,1.0,0.68,20,11,False,True
2,frame_0070.jpg,28.0,0.8053,0.7742,0.7273,1.0,24,8,False,True
3,frame_0068.jpg,27.2,0.7917,0.8561,0.5455,1.0,19,6,False,False
4,frame_0295.jpg,118.0,0.7782,0.7935,0.8182,0.68,18,9,False,True
5,frame_0032.jpg,12.8,0.7696,0.7573,0.6364,1.0,17,7,False,True
6,frame_0018.jpg,7.2,0.7577,0.8427,0.4545,1.0,13,5,False,True
7,frame_0289.jpg,115.6,0.7568,0.7186,0.8182,0.76,15,9,False,True
8,frame_0023.jpg,9.2,0.7556,0.7293,0.6364,1.0,13,7,False,False
9,frame_0001.jpg,0.4,0.7495,0.7717,0.5455,1.0,20,6,False,True
10,frame_0020.jpg,8.0,0.741,0.8093,0.4545,1.0,12,5,False,False
11,frame_0119.jpg,47.6,0.7407,0.7984,0.8182,0.48,16,9,False,True
12,frame_0124.jpg,49.6,0.7325,0.8112,0.6364,0.68,15,7,False,True
13,frame_0016.jpg,6.4,0.7297,0.8413,0.3636,1.0,13,4,False,False
14,frame_0130.jpg,52.0,0.727,0.7586,0.5455,0.92,15,6,False,True
15,frame_0025.jpg,10.0,0.7264,0.7254,0.5455,1.0,14,6,False,True
16,frame_0133.jpg,53.2,0.7201,0.6583,0.6364,1.0,19,7,False,False
17,frame_0073.jpg,29.2,0.7176,0.7626,0.4545,1.0,12,5,False,False
18,frame_0092.jpg,36.8,0.7156,0.8829,0.7273,0.28,15,8,False,True
19,frame_0078.jpg,31.2,0.7153,0.8218,0.4545,0.84,14,5,False,False
20,frame_0033.jpg,13.2,0.7088,0.6903,0.5455,1.0,20,6,False,False
21,frame_0067.jpg,26.8,0.7005,0.6191,0.6364,1.0,23,7,False,False
22,frame_0325.jpg,130.0,0.6928,0.8786,0.8182,0.04,20,9,False,False
23,frame_0022.jpg,8.8,0.6909,0.7637,0.3636,1.0,12,4,False,False
24,frame_0077.jpg,30.8,0.6874,0.6955,0.5455,0.88,13,6,False,False
25,frame_0301.jpg,120.4,0.6859,0.814,0.6364,0.44,15,7,False,False
26,frame_0109.jpg,43.6,0.6841,0.8452,0.8182,0.08,22,9,False,False
27,frame_0024.jpg,9.6,0.6822,0.6917,0.4545,1.0,12,5,False,False
28,frame_0000.jpg,0.0,0.6801,0.6874,0.4545,1.0,14,5,False,False
29,frame_0026.jpg,10.4,0.6797,0.6866,0.4545,1.0,14,5,False,False
30,frame_0074.jpg,29.6,0.6762,0.7342,0.3636,1.0,11,4,False,False
31,frame_0171.jpg,68.4,0.6756,0.7389,0.7273,0.44,13,8,False,False
32,frame_0390.jpg,156.0,0.6721,0.7667,0.9091,0.08,22,10,False,False
33,frame_0303.jpg,121.2,0.6708,0.7612,0.7273,0.36,16,8,False,False
34,frame_0083.jpg,33.2,0.6661,0.6944,0.6364,0.64,15,7,False,False
35,frame_0181.jpg,72.4,0.665,0.7685,0.9091,0.04,20,10,False,False
36,frame_0233.jpg,93.2,0.6607,0.789,0.7273,0.24,24,8,False,False
37,frame_0027.jpg,10.8,0.6584,0.6442,0.4545,1.0,11,5,False,False
38,frame_0002.jpg,0.8,0.6571,0.696,0.3636,1.0,16,4,False,False
39,frame_0372.jpg,148.8,0.6535,0.7681,0.8182,0.12,22,9,False,False
40,frame_0311.jpg,124.4,0.6478,0.7886,0.8182,0.04,21,9,False,False
41,frame_0028.jpg,11.2,0.6458,0.6735,0.3636,1.0,11,4,False,False
42,frame_0310.jpg,124.0,0.6449,0.7124,0.9091,0.08,25,10,False,False
43,frame_0069.jpg,27.6,0.642,0.6658,0.3636,1.0,17,4,False,False
44,frame_0180.jpg,72.0,0.6391,0.8644,0.6364,0.08,18,7,False,False
45,frame_0029.jpg,11.6,0.6343,0.596,0.4545,1.0,15,5,False,False
46,frame_0232.jpg,92.8,0.6296,0.7974,0.6364,0.2,19,7,False,False
47,frame_0006.jpg,2.4,0.6271,0.5815,0.4545,1.0,9,5,False,False
48,frame_0131.jpg,52.4,0.6258,0.6495,0.3636,0.96,16,4,False,False
49,frame_0368.jpg,147.2,0.6239,0.85,0.6364,0.04,24,7,False,False
50,frame_0382.jpg,152.8,0.6116,0.8093,0.6364,0.08,18,7,False,False
51,frame_0290.jpg,116.0,0.6115,0.6302,0.4545,0.8,12,5,False,False
52,frame_0318.jpg,127.2,0.6112,0.7446,0.6364,0.24,18,7,False,False
53,frame_0386.jpg,154.4,0.6083,0.8479,0.4545,0.24,21,5,False,False
54,frame_0019.jpg,7.6,0.6054,0.5926,0.3636,1.0,9,4,False,False
55,frame_0132.jpg,52.8,0.6028,0.4782,0.5455,1.0,18,6,False,False
56,frame_0129.jpg,51.6,0.6016,0.633,0.3636,0.88,15,4,False,False
57,frame_0387.jpg,154.8,0.6013,0.7952,0.5455,0.2,21,6,False,False
58,frame_0123.jpg,49.2,0.6012,0.7282,0.3636,0.64,17,4,False,False
59,frame_0031.jpg,12.4,0.6006,0.7466,0.0909,1.0,15,1,False,False
60,frame_0017.jpg,6.8,0.5971,0.6306,0.2727,1.0,13,3,False,False
61,frame_0333.jpg,133.2,0.5971,0.7804,0.6364,0.08,20,7,False,False
62,frame_0076.jpg,30.4,0.5957,0.6053,0.3636,0.92,15,4,False,False
63,frame_0079.jpg,31.6,0.5957,0.6533,0.3636,0.8,14,4,False,False
64,frame_0087.jpg,34.8,0.5947,0.7247,0.4545,0.48,11,5,False,False
65,frame_0399.jpg,159.6,0.5935,0.8569,0.3636,0.28,14,4,False,False
66,frame_0330.jpg,132.0,0.5921,0.8956,0.4545,0.04,22,5,False,False
67,frame_0288.jpg,115.2,0.5869,0.7222,0.2727,0.72,16,3,False,False
68,frame_0188.jpg,75.2,0.5857,0.828,0.5455,0.04,16,6,False,False
69,frame_0030.jpg,12.0,0.5854,0.6618,0.1818,1.0,12,2,False,False
70,frame_0275.jpg,110.0,0.5848,0.7624,0.5455,0.2,23,6,False,False
71,frame_0391.jpg,156.4,0.5841,0.6612,0.8182,0.04,23,9,False,False
72,frame_0084.jpg,33.6,0.5838,0.6003,0.5455,0.6,12,6,False,False
73,frame_0371.jpg,148.4,0.583,0.8068,0.5455,0.08,24,6,False,False
74,frame_0383.jpg,153.2,0.5825,0.626,0.8182,0.12,23,9,False,False
75,frame_0075.jpg,30.0,0.5817,0.6157,0.2727,0.96,13,3,False,False
76,frame_0272.jpg,108.8,0.5802,0.7465,0.6364,0.08,17,7,False,False
77,frame_0105.jpg,42.0,0.5773,0.7952,0.5455,0.08,18,6,False,False
78,frame_0315.jpg,126.0,0.5762,0.8863,0.3636,0.12,16,4,False,False
79,frame_0081.jpg,32.4,0.5749,0.6981,0.2727,0.72,14,3,False,False
80,frame_0324.jpg,129.6,0.5745,0.7352,0.6364,0.08,15,7,False,False
81,frame_0021.jpg,8.4,0.5738,0.584,0.2727,1.0,12,3,False,False
82,frame_0385.jpg,154.0,0.5724,0.6829,0.6364,0.2,18,7,False,False
83,frame_0172.jpg,68.8,0.5718,0.7109,0.4545,0.4,11,5,False,False
84,frame_0293.jpg,117.2,0.5705,0.6733,0.2727,0.76,11,3,False,False
85,frame_0231.jpg,92.4,0.5699,0.8031,0.4545,0.16,16,5,False,False
86,frame_0309.jpg,123.6,0.5678,0.7058,0.6364,0.12,20,7,False,False
87,frame_0005.jpg,2.0,0.5641,0.5645,0.2727,1.0,12,3,False,False
88,frame_0127.jpg,50.8,0.5617,0.6398,0.2727,0.8,16,3,False,False
89,frame_0071.jpg,28.4,0.5615,0.5594,0.2727,1.0,13,3,False,False
90,frame_0320.jpg,128.0,0.56,0.6422,0.6364,0.24,16,7,False,False
91,frame_0388.jpg,155.2,0.5588,0.7809,0.4545,0.16,19,5,False,False
92,frame_0323.jpg,129.2,0.5585,0.8508,0.3636,0.12,13,4,False,False
93,frame_0277.jpg,110.8,0.5567,0.674,0.5455,0.28,14,6,False,False
94,frame_0003.jpg,1.2,0.5566,0.4405,0.4545,1.0,16,5,False,False
95,frame_0332.jpg,132.8,0.555,0.8213,0.4545,0.04,16,5,False,False
96,frame_0194.jpg,77.6,0.5534,0.722,0.4545,0.28,12,5,False,False
97,frame_0271.jpg,108.4,0.5534,0.7634,0.5455,0.04,19,6,False,False
98,frame_0015.jpg,6.0,0.5494,0.5898,0.1818,1.0,8,2,False,False
99,frame_0224.jpg,89.6,0.5481,0.8301,0.3636,0.12,14,4,False,False
100,frame_0179.jpg,71.6,0.548,0.7207,0.5455,0.12,18,6,False,False
101,frame_0328.jpg,131.2,0.5474,0.79,0.4545,0.08,22,5,False,False
102,frame_0389.jpg,155.6,0.546,0.7712,0.4545,0.12,24,5,False,False
103,frame_0276.jpg,110.4,0.5457,0.668,0.5455,0.24,16,6,False,False
104,frame_0104.jpg,41.6,0.5423,0.7093,0.5455,0.12,13,6,False,False
105,frame_0122.jpg,48.8,0.5422,0.6263,0.3636,0.6,12,4,False,False
106,frame_0117.jpg,46.8,0.541,0.7583,0.2727,0.4,12,3,False,False
107,frame_0370.jpg,148.0,0.5395,0.7903,0.4545,0.04,21,5,False,False
108,frame_0284.jpg,113.6,0.5393,0.691,0.2727,0.56,11,3,False,False
109,frame_0292.jpg,116.8,0.5387,0.4846,0.4545,0.8,12,5,False,False
110,frame_0304.jpg,121.6,0.5376,0.6745,0.4545,0.32,13,5,False,False
111,frame_0302.jpg,120.8,0.5364,0.6947,0.3636,0.4,16,4,False,False
112,frame_0093.jpg,37.2,0.536,0.8124,0.2727,0.24,16,3,False,False
113,frame_0085.jpg,34.0,0.5356,0.6291,0.3636,0.56,12,4,False,False
114,frame_0128.jpg,51.2,0.5349,0.5702,0.2727,0.84,17,3,False,False
115,frame_0118.jpg,47.2,0.5347,0.6207,0.4545,0.44,14,5,False,False
116,frame_0125.jpg,50.0,0.5337,0.5613,0.3636,0.72,12,4,False,False
117,frame_0285.jpg,114.0,0.5312,0.7134,0.1818,0.6,11,2,False,False
118,frame_0170.jpg,68.0,0.5304,0.6506,0.3636,0.48,15,4,False,False
119,frame_0283.jpg,113.2,0.5278,0.5204,0.5455,0.52,12,6,False,False
120,frame_0174.jpg,69.6,0.5264,0.652,0.4545,0.32,13,5,False,False
121,frame_0273.jpg,109.2,0.526,0.7858,0.3636,0.12,17,4,False,False
122,frame_0080.jpg,32.0,0.5256,0.529,0.3636,0.76,14,4,False,False
123,frame_0169.jpg,67.6,0.523,0.5653,0.4545,0.52,14,5,False,False
124,frame_0329.jpg,131.6,0.5211,0.7921,0.3636,0.08,21,4,False,False
125,frame_0102.jpg,40.8,0.5194,0.8271,0.2727,0.12,13,3,False,False
126,frame_0297.jpg,118.8,0.5193,0.5804,0.3636,0.6,13,4,False,False
127,frame_0286.jpg,114.4,0.5182,0.5622,0.3636,0.64,14,4,False,False
128,frame_0072.jpg,28.8,0.5178,0.472,0.2727,1.0,16,3,False,False
129,frame_0007.jpg,2.8,0.5168,0.5791,0.0909,1.0,7,1,False,False
130,frame_0186.jpg,74.4,0.5152,0.7418,0.4545,0.04,16,5,False,False
131,frame_0384.jpg,153.6,0.5148,0.5838,0.6364,0.16,22,7,False,False
132,frame_0381.jpg,152.4,0.5128,0.6278,0.6364,0.04,16,7,False,False
133,frame_0176.jpg,70.4,0.5111,0.708,0.3636,0.24,14,4,False,False
134,frame_0113.jpg,45.2,0.5093,0.6498,0.4545,0.24,16,5,False,False
135,frame_0305.jpg,122.0,0.5063,0.6278,0.4545,0.28,14,5,False,False
136,frame_0296.jpg,118.4,0.5037,0.5877,0.2727,0.64,13,3,False,False
137,frame_0010.jpg,4.0,0.5019,0.4401,0.2727,1.0,7,3,False,False
138,frame_0004.jpg,1.6,0.5016,0.5486,0.0909,1.0,17,1,False,False
139,frame_0298.jpg,119.2,0.4998,0.5029,0.4545,0.56,13,5,False,False
140,frame_0230.jpg,92.0,0.4994,0.8962,0.0909,0.12,15,1,False,False
141,frame_0210.jpg,84.0,0.4988,0.5074,0.3636,0.68,9,4,False,False
142,frame_0110.jpg,44.0,0.4983,0.5667,0.6364,0.12,16,7,False,False
143,frame_0086.jpg,34.4,0.4925,0.6134,0.2727,0.52,13,3,False,False
144,frame_0373.jpg,149.2,0.4918,0.6469,0.4545,0.16,21,5,False,False
145,frame_0097.jpg,38.8,0.4913,0.7324,0.3636,0.08,16,4,False,False
146,frame_0126.jpg,50.4,0.4895,0.566,0.1818,0.76,14,2,False,False
147,frame_0294.jpg,117.6,0.4877,0.5238,0.2727,0.72,9,3,False,False
148,frame_0111.jpg,44.4,0.4871,0.6376,0.4545,0.16,16,5,False,False
149,frame_0195.jpg,78.0,0.4853,0.679,0.2727,0.32,9,3,False,False
150,frame_0008.jpg,3.2,0.4824,0.5102,0.0909,1.0,7,1,False,False
151,frame_0203.jpg,81.2,0.4812,0.5427,0.2727,0.64,11,3,False,False
152,frame_0088.jpg,35.2,0.4805,0.676,0.1818,0.44,11,2,False,False
153,frame_0282.jpg,112.8,0.4796,0.549,0.3636,0.48,11,4,False,False
154,frame_0269.jpg,107.6,0.4785,0.7229,0.3636,0.04,14,4,False,False
155,frame_0112.jpg,44.8,0.4769,0.6011,0.4545,0.2,12,5,False,False
156,frame_0229.jpg,91.6,0.4766,0.7576,0.2727,0.08,16,3,False,False
157,frame_0009.jpg,3.6,0.4728,0.4365,0.1818,1.0,7,2,False,False
158,frame_0223.jpg,89.2,0.4706,0.6591,0.3636,0.16,18,4,False,False
159,frame_0212.jpg,84.8,0.4691,0.48,0.3636,0.6,11,4,False,False
160,frame_0299.jpg,119.6,0.4686,0.6202,0.1818,0.52,13,2,False,False
161,frame_0173.jpg,69.2,0.4685,0.5749,0.3636,0.36,12,4,False,False
162,frame_0278.jpg,111.2,0.4675,0.7524,0.0909,0.32,11,1,False,False
163,frame_0106.jpg,42.4,0.4674,0.5915,0.5455,0.04,17,6,False,False
164,frame_0281.jpg,112.4,0.4658,0.592,0.2727,0.44,12,3,False,False
165,frame_0274.jpg,109.6,0.4648,0.5383,0.5455,0.16,21,6,False,False
166,frame_0209.jpg,83.6,0.4647,0.5323,0.1818,0.72,8,2,False,False
167,frame_0268.jpg,107.2,0.4644,0.7878,0.1818,0.08,10,2,False,False
168,frame_0167.jpg,66.8,0.4643,0.6341,0.0909,0.6,13,1,False,False
169,frame_0218.jpg,87.2,0.4628,0.5634,0.3636,0.36,14,4,False,False
170,frame_0108.jpg,43.2,0.4627,0.6368,0.4545,0.04,17,5,False,False
171,frame_0101.jpg,40.4,0.4621,0.7285,0.2727,0.08,16,3,False,False
172,frame_0319.jpg,127.6,0.4621,0.6485,0.2727,0.28,16,3,False,False
173,frame_0012.jpg,4.8,0.4607,0.4123,0.1818,1.0,7,2,False,False
174,frame_0220.jpg,88.0,0.4603,0.5904,0.3636,0.28,15,4,False,False
175,frame_0011.jpg,4.4,0.4602,0.4113,0.1818,1.0,6,2,False,False
176,frame_0313.jpg,125.2,0.4602,0.6317,0.4545,0.04,15,5,False,False
177,frame_0287.jpg,114.8,0.4598,0.4294,0.3636,0.68,15,4,False,False
178,frame_0398.jpg,159.2,0.4569,0.5996,0.3636,0.24,16,4,False,False
179,frame_0219.jpg,87.6,0.4516,0.5571,0.3636,0.32,13,4,False,False
180,frame_0096.jpg,38.4,0.4504,0.58,0.4545,0.12,14,5,False,False
181,frame_0205.jpg,82.0,0.4489,0.4461,0.2727,0.72,9,3,False,False
182,frame_0327.jpg,130.8,0.4484,0.6626,0.3636,0.04,19,4,False,False
183,frame_0014.jpg,5.6,0.4474,0.4402,0.0909,1.0,7,1,False,False
184,frame_0300.jpg,120.0,0.4468,0.4835,0.3636,0.48,16,4,False,False
185,frame_0322.jpg,128.8,0.4466,0.6656,0.2727,0.16,13,3,False,False
186,frame_0191.jpg,76.4,0.4462,0.7194,0.1818,0.16,15,2,False,False
187,frame_0215.jpg,86.0,0.4443,0.4238,0.4545,0.48,13,5,False,False
188,frame_0208.jpg,83.2,0.4419,0.5798,0.0,0.76,8,0,False,False
189,frame_0089.jpg,35.6,0.4397,0.6104,0.1818,0.4,14,2,False,False
190,frame_0374.jpg,149.6,0.4374,0.6858,0.1818,0.2,17,2,False,False
191,frame_0192.jpg,76.8,0.4373,0.5764,0.3636,0.2,11,4,False,False
192,frame_0103.jpg,41.2,0.4362,0.5902,0.3636,0.16,13,4,False,False
193,frame_0367.jpg,146.8,0.4344,0.6732,0.2727,0.08,17,3,False,False
194,frame_0280.jpg,112.0,0.4341,0.5446,0.2727,0.4,13,3,False,False
195,frame_0379.jpg,151.6,0.4337,0.6333,0.3636,0.04,16,4,False,False
196,frame_0395.jpg,158.0,0.4319,0.5977,0.3636,0.12,13,4,False,False
197,frame_0091.jpg,36.4,0.4316,0.5715,0.2727,0.32,9,3,False,False
198,frame_0397.jpg,158.8,0.4295,0.4518,0.5455,0.2,14,6,False,False
199,frame_0216.jpg,86.4,0.4277,0.4612,0.3636,0.44,12,4,False,False
200,frame_0396.jpg,158.4,0.4274,0.6271,0.2727,0.16,14,3,False,False
201,frame_0291.jpg,116.4,0.4272,0.4094,0.1818,0.84,12,2,False,False
202,frame_0207.jpg,82.8,0.4267,0.5333,0.0,0.8,8,0,False,False
203,frame_0098.jpg,39.2,0.4265,0.5643,0.4545,0.04,20,5,False,False
204,frame_0308.jpg,123.2,0.4251,0.6225,0.2727,0.16,16,3,False,False
205,frame_0121.jpg,48.4,0.424,0.4604,0.2727,0.56,13,3,False,False
206,frame_0217.jpg,86.8,0.4222,0.5207,0.2727,0.4,9,3,False,False
207,frame_0116.jpg,46.4,0.422,0.5364,0.2727,0.36,14,3,False,False
208,frame_0199.jpg,79.6,0.421,0.4864,0.2727,0.48,6,3,False,False
209,frame_0094.jpg,37.6,0.42,0.5418,0.3636,0.2,15,4,False,False
210,frame_0175.jpg,70.0,0.4173,0.559,0.2727,0.28,14,3,False,False
211,frame_0120.jpg,48.0,0.4162,0.4608,0.2727,0.52,13,3,False,False
212,frame_0013.jpg,5.2,0.4118,0.3146,0.1818,1.0,9,2,False,False
213,frame_0100.jpg,40.0,0.4108,0.5328,0.4545,0.04,15,5,False,False
214,frame_0279.jpg,111.6,0.4077,0.6168,0.0909,0.36,13,1,False,False
215,frame_0317.jpg,126.8,0.4055,0.622,0.1818,0.2,15,2,False,False
216,frame_0213.jpg,85.2,0.4037,0.4198,0.2727,0.56,12,3,False,False
217,frame_0206.jpg,82.4,0.4023,0.337,0.2727,0.76,9,3,False,False
218,frame_0184.jpg,73.6,0.3972,0.5442,0.3636,0.08,13,4,False,False
219,frame_0321.jpg,128.4,0.3949,0.5461,0.2727,0.2,16,3,False,False
220,frame_0115.jpg,46.0,0.3929,0.4396,0.3636,0.32,15,4,False,False
221,frame_0198.jpg,79.2,0.3893,0.4936,0.1818,0.44,7,2,False,False
222,frame_0177.jpg,70.8,0.3887,0.5883,0.1818,0.2,16,2,False,False
223,frame_0228.jpg,91.2,0.3882,0.6513,0.1818,0.04,14,2,False,False
224,frame_0090.jpg,36.0,0.3866,0.5202,0.1818,0.36,11,2,False,False
225,frame_0185.jpg,74.0,0.3856,0.5755,0.2727,0.08,16,3,False,False
226,frame_0200.jpg,80.0,0.3848,0.5071,0.0909,0.52,8,1,False,False
227,frame_0204.jpg,81.6,0.3828,0.4391,0.0909,0.68,7,1,False,False
228,frame_0222.jpg,88.8,0.3792,0.5148,0.2727,0.2,15,3,False,False
229,frame_0307.jpg,122.8,0.3755,0.5073,0.2727,0.2,15,3,False,False
230,frame_0225.jpg,90.0,0.3751,0.5,0.3636,0.08,16,4,False,False
231,frame_0178.jpg,71.2,0.3678,0.5625,0.1818,0.16,16,2,False,False
232,frame_0393.jpg,157.2,0.3625,0.5454,0.2727,0.04,17,3,False,False
233,frame_0201.jpg,80.4,0.3588,0.4391,0.0909,0.56,8,1,False,False
234,frame_0168.jpg,67.2,0.3583,0.438,0.0909,0.56,12,1,False,False
235,frame_0214.jpg,85.6,0.355,0.4475,0.0909,0.52,10,1,False,False
236,frame_0306.jpg,122.4,0.3519,0.3896,0.3636,0.24,14,4,False,False
237,frame_0190.jpg,76.0,0.3488,0.4859,0.2727,0.12,12,3,False,False
238,frame_0377.jpg,150.8,0.3475,0.5924,0.0909,0.12,12,1,False,False
239,frame_0189.jpg,75.6,0.3411,0.4865,0.2727,0.08,13,3,False,False
240,frame_0394.jpg,157.6,0.3398,0.5386,0.1818,0.08,15,2,False,False
241,frame_0114.jpg,45.6,0.3393,0.403,0.2727,0.28,14,3,False,False
242,frame_0095.jpg,38.0,0.3384,0.3947,0.3636,0.16,14,4,False,False
243,frame_0316.jpg,126.4,0.3303,0.4875,0.1818,0.16,14,2,False,False
244,frame_0202.jpg,80.8,0.3215,0.3485,0.0909,0.6,9,1,False,False
245,frame_0378.jpg,151.2,0.3186,0.4962,0.1818,0.08,14,2,False,False
246,frame_0314.jpg,125.6,0.3107,0.4258,0.2727,0.08,18,3,False,False
247,frame_0221.jpg,88.4,0.303,0.5101,0.0,0.24,12,0,False,False
248,frame_0193.jpg,77.2,0.3026,0.4546,0.0909,0.24,12,1,False,False
249,frame_0226.jpg,90.4,0.2977,0.4157,0.2727,0.04,17,3,False,False
250,frame_0211.jpg,84.4,0.2866,0.2626,0.0909,0.64,12,1,False,False
251,frame_0375.jpg,150.0,0.2814,0.4282,0.0909,0.2,15,1,False,False
252,frame_0267.jpg,106.8,0.2758,0.3946,0.1818,0.12,6,2,False,False
253,frame_0196.jpg,78.4,0.2656,0.3326,0.0909,0.36,6,1,False,False
254,frame_0197.jpg,78.8,0.2562,0.2979,0.0909,0.4,7,1,False,False
255,frame_0183.jpg,73.2,0.2266,0.3826,0.0909,0.04,15,1,False,False
256,frame_0376.jpg,150.4,0.1834,0.3028,0.0,0.16,10,0,False,False
